1,"Champlin, Thiel and Schulist",http://lorempixel.com/640/480,3144.67,51,3,3
2,Lebsack - Runolfsdottir,http://lorempixel.com/640/480,1668.73,8,2,1
3,Monahan - Nienow,http://lorempixel.com/640/480,1667.9,56,2,2
4,Breitenberg Inc,http://lorempixel.com/640/480,2865.75,61,4,1
5,"Trantow, Smitham and Dare",http://lorempixel.com/640/480,1025.46,70,1,1
6,Schneider - Quigley,http://lorempixel.com/640/480,1375.14,94,2,2
7,Schuppe - Reilly,http://lorempixel.com/640/480,2000.88,72,3,1
8,Harber LLC,http://lorempixel.com/640/480,1165.27,1,5,2
9,"Swaniawski, Rath and Torphy",http://lorempixel.com/640/480,1017.38,51,4,1
10,Rempel and Sons,http://lorempixel.com/640/480,1142.84,95,3,1
11,"O'Connell, Tremblay and O'Connell",http://lorempixel.com/640/480,1396.62,55,5,2
12,"Osinski, Bode and Aufderhar",http://lorempixel.com/640/480,1488.95,9,3,2
13,Marvin - Veum,http://lorempixel.com/640/480,2276.41,64,5,3
14,Bartoletti and Sons,http://lorempixel.com/640/480,3412.79,78,3,2
15,"Gleichner, Altenwerth and Roberts",http://lorempixel.com/640/480,3486.54,68,3,1
16,Schiller Group,http://lorempixel.com/640/480,2846.46,18,5,1
17,"Macejkovic, Williamson and Friesen",http://lorempixel.com/640/480,1288.7,13,2,2
18,Lockman - Kuhic,http://lorempixel.com/640/480,1385.73,55,4,1
19,"Feeney, Howe and Hirthe",http://lorempixel.com/640/480,1843.04,56,4,1
20,O'Connell - Crist,http://lorempixel.com/640/480,3014.96,87,4,1
21,Pollich - Hahn,http://lorempixel.com/640/480,1713.97,7,3,3
22,Connelly - Barrows,http://lorempixel.com/640/480,2420.53,5,1,1
23,Stracke LLC,http://lorempixel.com/640/480,3265.99,37,5,3
24,"Stamm, Ankunding and Doyle",http://lorempixel.com/640/480,3075.18,38,4,1
25,"Lynch, Gislason and Ortiz",http://lorempixel.com/640/480,1931.03,98,3,1
26,Rogahn LLC,http://lorempixel.com/640/480,1148.78,95,5,3
27,Haley - Jaskolski,http://lorempixel.com/640/480,1500.57,51,2,2
28,Renner - Rutherford,http://lorempixel.com/640/480,2163.08,24,5,3
29,"Stracke, Koch and Stanton",http://lorempixel.com/640/480,1163.87,27,4,1
30,Maggio - Renner,http://lorempixel.com/640/480,1471.47,80,5,2
31,Bednar - Cormier,http://lorempixel.com/640/480,2036.05,18,4,3
32,Reichel - Fadel,http://lorempixel.com/640/480,3429.68,73,3,2
33,Schmeler - Heidenreich,http://lorempixel.com/640/480,1876.76,7,4,3
34,Wolf Group,http://lorempixel.com/640/480,3141.11,18,2,3
35,Greenholt and Sons,http://lorempixel.com/640/480,1284.03,76,2,3
36,Breitenberg - Trantow,http://lorempixel.com/640/480,2243.91,79,4,1
37,Koepp and Sons,http://lorempixel.com/640/480,2295.52,35,2,2
38,"Koelpin, Larkin and Lockman",http://lorempixel.com/640/480,2037.23,28,2,1
39,Tromp - Bednar,http://lorempixel.com/640/480,2494.69,19,4,1
40,Dach Inc,http://lorempixel.com/640/480,3385.58,96,1,3
41,Smith Group,http://lorempixel.com/640/480,3346.97,42,4,2
42,Hintz - Lehner,http://lorempixel.com/640/480,1685.3,99,3,3
43,O'Conner - Farrell,http://lorempixel.com/640/480,2912.9,87,3,3
44,"Nienow, Upton and Champlin",http://lorempixel.com/640/480,2591.33,1,2,2
45,Stoltenberg Inc,http://lorempixel.com/640/480,1299.17,56,5,3
46,Murazik and Sons,http://lorempixel.com/640/480,1731.48,69,2,1
47,Schiller LLC,http://lorempixel.com/640/480,1822.1,24,4,2
48,Boyle - Wiza,http://lorempixel.com/640/480,1261.73,39,1,1
49,Klocko LLC,http://lorempixel.com/640/480,3238.21,21,5,1
50,Denesik Inc,http://lorempixel.com/640/480,2631,30,5,1
51,"Beahan, Ward and Beatty",http://lorempixel.com/640/480,1534.96,47,4,3
52,Kuhlman Inc,http://lorempixel.com/640/480,1494.88,76,1,2
53,McClure and Sons,http://lorempixel.com/640/480,1437.66,41,4,3
54,Denesik and Sons,http://lorempixel.com/640/480,1967.9,84,1,3
55,Bartell Inc,http://lorempixel.com/640/480,2241.88,71,5,3
56,Hackett Inc,http://lorempixel.com/640/480,2783.18,96,2,3
57,Lueilwitz - Deckow,http://lorempixel.com/640/480,2091.9,5,3,1
58,"Carter, Roob and Schuster",http://lorempixel.com/640/480,2123.86,70,5,3
59,Rau - Glover,http://lorempixel.com/640/480,2888.22,39,4,2
60,Stiedemann - Kertzmann,http://lorempixel.com/640/480,2480.98,98,4,1
61,"Nicolas, Parker and Kunze",http://lorempixel.com/640/480,1347.38,4,4,1
62,"Lakin, Shanahan and Reichel",http://lorempixel.com/640/480,1084.22,52,3,2
63,Rippin - Homenick,http://lorempixel.com/640/480,2457.77,22,2,2
64,Green Inc,http://lorempixel.com/640/480,2062.11,49,4,1
65,Kuphal Group,http://lorempixel.com/640/480,1599.92,20,5,3
66,Bayer LLC,http://lorempixel.com/640/480,3151.58,99,2,1
67,Cassin Group,http://lorempixel.com/640/480,2423.65,91,2,1
68,Collins - Kertzmann,http://lorempixel.com/640/480,1700.41,29,5,3
69,"McDermott, Ratke and Boehm",http://lorempixel.com/640/480,3179.83,47,3,1
70,Parisian - Jaskolski,http://lorempixel.com/640/480,3337.36,19,1,3
71,Bartoletti - Boyle,http://lorempixel.com/640/480,2529.75,9,3,3
72,Marquardt - Pouros,http://lorempixel.com/640/480,1534.32,67,4,1
73,Murray Group,http://lorempixel.com/640/480,3287.94,68,1,3
74,Mante Group,http://lorempixel.com/640/480,2057.62,93,2,1
75,"Rolfson, Hammes and Hills",http://lorempixel.com/640/480,1655.25,48,1,1
76,Ernser - Satterfield,http://lorempixel.com/640/480,1646.65,68,5,2
77,Ullrich - Jones,http://lorempixel.com/640/480,3322.96,20,2,3
78,Von LLC,http://lorempixel.com/640/480,1238.7,45,1,1
79,"Goldner, DuBuque and Abernathy",http://lorempixel.com/640/480,1647.36,69,5,1
80,Okuneva - Turcotte,http://lorempixel.com/640/480,1510.64,93,2,2
81,White LLC,http://lorempixel.com/640/480,2842.78,42,1,1
82,"Rosenbaum, Brown and Hackett",http://lorempixel.com/640/480,2140.21,26,5,3
83,"Lockman, Block and Emmerich",http://lorempixel.com/640/480,2026.52,55,2,1
84,Walsh - Koelpin,http://lorempixel.com/640/480,1305.68,27,4,1
85,"Beier, Turcotte and Bailey",http://lorempixel.com/640/480,1939.43,24,1,3
86,"Ortiz, Metz and Harris",http://lorempixel.com/640/480,2540.31,69,5,3
87,Corkery - Larson,http://lorempixel.com/640/480,2377.58,48,4,1
88,"Gibson, Cummings and D'Amore",http://lorempixel.com/640/480,1808.26,95,4,1
89,"Hoppe, Wiza and Murazik",http://lorempixel.com/640/480,1819.89,4,1,2
90,Lueilwitz - Jenkins,http://lorempixel.com/640/480,2048.56,94,5,2
91,Medhurst LLC,http://lorempixel.com/640/480,1104.79,99,3,3
92,"Rosenbaum, Schowalter and Wyman",http://lorempixel.com/640/480,2615.87,37,1,2
93,Maggio - Christiansen,http://lorempixel.com/640/480,2924.98,22,2,2
94,Paucek and Sons,http://lorempixel.com/640/480,2665.9,1,4,3
95,Weber LLC,http://lorempixel.com/640/480,1263.95,52,3,3
96,Fritsch - Corkery,http://lorempixel.com/640/480,2116.78,64,1,3
97,Doyle LLC,http://lorempixel.com/640/480,2821.97,64,4,1
98,Langworth - Ward,http://lorempixel.com/640/480,1185.27,95,1,1
99,Littel - Dach,http://lorempixel.com/640/480,1673.99,61,2,3
100,Glover - O'Hara,http://lorempixel.com/640/480,3082.51,63,2,1
