1,Legros Ferry,508 Mandela Park,Phuthaditjhaba,9472
2,Fisher Expressway,2163 Monontsha,Phuthaditjhaba,6630
3,Darian Mountains,36159 Ntshehele,Phuthaditjhaba,9869
4,Kelley Place,304 Theosane,Phuthaditjhaba,9870
5,Juana Ford,0593 Phuthaditjhaba-A,Phuthaditjhaba,9869
6,Reba Circles,91241 Phuthaditjhaba-C,Phuthaditjhaba,9869
7,Silas Freeway,361 Mandela Park,Phuthaditjhaba,9870
8,Goyette Parkway,19680 Mandela Park,Phuthaditjhaba,9870
9,Hudson Bridge,4906 Mandela Park,Phuthaditjhaba,9870
10,Abraham Views,565 Mandela Park,Phuthaditjhaba,9870
11,Buddy Cliffs,876 Mandela Park,Phuthaditjhaba,9870
12,Moore Hollow,88453 Mandela Park,Phuthaditjhaba,9870
13,Justine Crescent,036 Mossie Court,Frami bury,04478-6132
14,Cassin Run,99560 Dorothy Field,West Jessie,05876
15,Eichmann Ports,648 Monontsha,Phuthaditjhaba,9869
16,Pagac Point,81074 Monontsha,Phuthaditjhaba,9869
17,Leannon Trail,09914 Monontsha,Phuthaditjhaba,9869
18,Hane Field,8487 Monontsha,Phuthaditjhaba,9869
19,Turner Canyon,495 Monontsha,Phuthaditjhaba,9869
20,Thea Land,6609 Monontsha,Phuthaditjhaba,9869
21,Beer Spur,093 Mphatlalatsane,Phuthaditjhaba,9472
22,William Pike,57251 Mphatlalatsane,Phuthaditjhaba,9472
23,Mills Burg,325 Mphatlalatsane,Phuthaditjhaba,9472
24,Giovani Well,4722 Mphatlalatsane,Phuthaditjhaba,9472
25,Marilie Port,5222 Mphatlalatsane,Phuthaditjhaba,9472
26,Hilll Divide,9000 Mphatlalatsane,Phuthaditjhaba,9472
27,Emmet Key,9096 Ntshehele,Phuthaditjhaba,36279-3345
28,Spinka Coves,90684 Ntshehele,Phuthaditjhaba,9869
29,Enola Streets,289 Ntshehele,Phuthaditjhaba,9869
30,Jakubowski Radial,6414 Ntshehele,Phuthaditjhaba,9869
31,Damon Summit,0268 Ntshehele,Phuthaditjhaba,9869
32,Eli Walks,8161 Ntshehele,Phuthaditjhaba,9869
33,Albin Ranch,8031 Wisozk Shoals,Amber ville,9869
34,Cremin Cape,59195 Theosane,Phuthaditjhaba,9870
35,Koss Lake,30445 Theosane,Phuthaditjhaba,9870
36,Thompson Canyon,712 Theosane,Phuthaditjhaba,9870
37,Goodwin Course,8570 Theosane,Phuthaditjhaba,9870
38,Wilkinson Inlet,9602 Theosane,Phuthaditjhaba,9870
39,Conroy Garden,33247 Theosane,Phuthaditjhaba,9870
40,Durward Vista,270 Phuthaditjhaba-A,Phuthaditjhaba,9869
41,Katharina Turnpike,94026 Phuthaditjhaba-A,Phuthaditjhaba,9869
42,Deven Cliffs,8016 Phuthaditjhaba-A,Phuthaditjhaba,9869
43,Greyson Highway,3808 Phuthaditjhaba-As,Phuthaditjhaba,9869
44,Zula Gardens,6421 Phuthaditjhaba-A,Phuthaditjhaba,9869
45,Ivy Bridge,150 Phuthaditjhaba-A,Phuthaditjhaba,9869
46,Elsie Causeway,13378 Phuthaditjhaba-C,Phuthaditjhaba,9869
47,Hackett Extension,39574 Phuthaditjhaba-C,Phuthaditjhaba,9869
48,Franecki Causeway,839 Phuthaditjhaba-C,Phuthaditjhaba,9869
49,Hettinger Glens,8283 Phuthaditjhaba-C,Phuthaditjhaba,9869
50,Maddison Glens,27578 Phuthaditjhaba-C,Phuthaditjhaba,9869
51,Juliet Cliff,5284 Phuthaditjhaba-C,Phuthaditjhaba,9869
52,Jaeden Fort,774 Mandela Park,Phuthaditjhaba,9870
53,Kaylah River,07545 Mandela Park,Phuthaditjhaba,9870
54,Roberts Creek,1833 Mandela Park,Phuthaditjhaba,9870
55,Herzog Dale,841 Mandela Park,Phuthaditjhaba,9870
56,Madie Junctions,764 Mandela Park,Phuthaditjhaba,9870
57,Murray Gateway,03776 Mandela Park,Phuthaditjhaba,9870
58,Tillman Union,1591 Monontsha,Phuthaditjhaba,9869
59,Henriette Mountain,70115 Monontsha,Phuthaditjhaba,9869
60,Kozey Mall,3144 Monontsha,Phuthaditjhaba,9869
61,Destany Groves,10062 Monontsha,Phuthaditjhaba,9869
62,Philip Shoals,048 Monontsha,Phuthaditjhaba,9869
63,Ledner Plain,28054 Monontsha,Phuthaditjhaba,9869
64,Hermiston Plaza,574 Ntshehele,Phuthaditjhaba,9869
65,Annabelle Ranch,48916 Ntshehele,Phuthaditjhaba,9869
66,Merl Glen,1967 Ntshehele,Bailey bury,9869
67,Casper Club,226 Ntshehele,Phuthaditjhaba,9869
68,Jettie Islands,405 Ntshehele,Phuthaditjhaba,9869
69,Bailey Common,40783 Ntshehele,Phuthaditjhaba,9869
70,Metz Cliffs,81067 Theosane,Phuthaditjhaba,9870
71,Ottilie Vista,9390 Theosane,Phuthaditjhaba,9870
72,Jayden Springs,680 Theosane,Phuthaditjhaba,9870
73,Rachelle Canyon,96173 Theosane,Phuthaditjhaba,9870
74,Hane Ports,537 Theosane,Phuthaditjhaba,9870
75,Koepp Rapids,35613 Theosane,Phuthaditjhaba,9870
76,Wilfrid Wall,61899 Michelle Rapid,New Payton,97367
77,Bechtelar Circles,90414 Phuthaditjhaba-A,Phuthaditjhaba,9869
78,Perry Wells,009 Phuthaditjhaba-A,Phuthaditjhaba,9869
79,Bode Orchard,24459 Phuthaditjhaba-A,Phuthaditjhaba,9869
80,Stark Plain,140 Phuthaditjhaba-A,Phuthaditjhaba,9869
81,Delilah Canyon,11462 Phuthaditjhaba-A,Phuthaditjhaba,9869
82,Rita Throughway,01785 Phuthaditjhaba-A,Phuthaditjhaba,9869
83,Einar Bypass,4985 Phuthaditjhaba-C,Phuthaditjhaba,9869
84,McClure Flat,7217 Phuthaditjhaba-C,Phuthaditjhaba,9869
85,King Vista,1643 Phuthaditjhaba-C,Phuthaditjhaba,9869
86,Streich Pass,98399 Phuthaditjhaba-C,Phuthaditjhaba,9869
87,Caroline Road,67566 Phuthaditjhaba-C,Phuthaditjhaba,9869
88,Walsh Meadows,1320 Phuthaditjhaba-C,Phuthaditjhaba,9869
89,Garfield Common,97208 Mandela Park,Phuthaditjhaba,9869
90,Stanton Turnpike,155 Mandela Park,Phuthaditjhaba,9869
91,Heidenreich Ports,5161 Mandela Park,Phuthaditjhaba,9869
92,Tillman Greens,7661 Monontsha,Phuthaditjhaba,9869
93,Hammes Crossroad,56097 Monontsha,Phuthaditjhaba,9869
94,Haley Lake,7618 Monontsha,Phuthaditjhaba,9869
95,Annette Road,9116 Phuthaditjhaba-A,Phuthaditjhaba,9869
96,Curt Via,0337 Phuthaditjhaba-A,Phuthaditjhaba,9869
97,Justen Pines,82823 Phuthaditjhaba-A,Phuthaditjhaba,9869
98,Johnston River,56505 Phuthaditjhaba-C,Phuthaditjhaba,9869
99,Durgan Spring,2254 Phuthaditjhaba-C,Phuthaditjhaba,9869
100,Mayer Village,487 Phuthaditjhaba-C,Phuthaditjhaba,9869
